{"cameraMode":{"drawMode":0,"name":"Shaded","section":"Shading Mode"},"sceneLighting":true,"audioPlay":false,"sceneViewState":{"showFog":true,"showMaterialUpdate":true,"showSkybox":true,"showFlares":true,"showImageEffects":true,"showParticleSystems":true},"in2DMode":false,"pivot":{"x":-1.682970404624939,"y":-0.7676268815994263,"z":-1.050413727760315},"rotation":{"x":-0.1796463578939438,"y":0.767092227935791,"z":-0.5656775832176209,"w":-0.24360284209251405},"size":7.045614242553711,"orthographic":false}