{"cameraMode":{"drawMode":0,"name":"Shaded","section":"Shading Mode"},"sceneLighting":true,"audioPlay":false,"sceneViewState":{"showFog":true,"showMaterialUpdate":true,"showSkybox":false,"showFlares":true,"showImageEffects":true,"showParticleSystems":true},"in2DMode":false,"pivot":{"x":-0.22796282172203065,"y":-0.6379079818725586,"z":-1.1084998846054078},"rotation":{"x":-0.045289475470781329,"y":0.9461358785629273,"z":-0.2827571630477905,"w":-0.15139174461364747},"size":2.0151450634002687,"orthographic":false}