{"cameraMode":{"drawMode":0,"name":"Shaded","section":"Shading Mode"},"sceneLighting":true,"audioPlay":false,"sceneViewState":{"showFog":true,"showMaterialUpdate":true,"showSkybox":true,"showFlares":true,"showImageEffects":true,"showParticleSystems":true},"in2DMode":false,"pivot":{"x":-0.816313624382019,"y":-4.237091064453125,"z":2.7570066452026369},"rotation":{"x":0.4144524931907654,"y":-0.5775207877159119,"z":0.4298919141292572,"w":0.5567308068275452},"size":14.535135269165039,"orthographic":false}