{"cameraMode":{"drawMode":0,"name":"Shaded","section":"Shading Mode"},"sceneLighting":true,"audioPlay":false,"sceneViewState":{"showFog":true,"showMaterialUpdate":true,"showSkybox":true,"showFlares":true,"showImageEffects":true,"showParticleSystems":true},"in2DMode":false,"pivot":{"x":287.728759765625,"y":187.05941772460938,"z":339.9317626953125},"rotation":{"x":0.0682765543460846,"y":0.04933667182922363,"z":-0.00343328551389277,"w":0.9964887499809265},"size":1301.6400146484375,"orthographic":false}