{"cameraMode":{"drawMode":0,"name":"Shaded","section":"Shading Mode"},"sceneLighting":true,"audioPlay":false,"sceneViewState":{"showFog":true,"showMaterialUpdate":true,"showSkybox":true,"showFlares":true,"showImageEffects":true,"showParticleSystems":true},"in2DMode":false,"pivot":{"x":-161.55349731445313,"y":439.2048645019531,"z":225.49012756347657},"rotation":{"x":0.017410874366760255,"y":0.0017896444769576192,"z":-0.000057441960962023586,"w":0.9998750686645508},"size":575.548095703125,"orthographic":false}