{"cameraMode":{"drawMode":0,"name":"Shaded","section":"Shading Mode"},"sceneLighting":true,"audioPlay":false,"sceneViewState":{"showFog":true,"showMaterialUpdate":true,"showSkybox":true,"showFlares":true,"showImageEffects":true,"showParticleSystems":true},"in2DMode":false,"pivot":{"x":-0.5660004615783691,"y":-2.792917490005493,"z":1.1039938926696778},"rotation":{"x":-0.43141067028045657,"y":0.5618283152580261,"z":-0.43767473101615908,"w":-0.5538022518157959},"size":14.01180362701416,"orthographic":false}