{"cameraMode":{"drawMode":0,"name":"Shaded","section":"Shading Mode"},"sceneLighting":true,"audioPlay":false,"sceneViewState":{"showFog":true,"showMaterialUpdate":true,"showSkybox":true,"showFlares":true,"showImageEffects":true,"showParticleSystems":true},"in2DMode":false,"pivot":{"x":2.848883628845215,"y":-6.312260627746582,"z":-4.011922836303711},"rotation":{"x":-0.012534662149846554,"y":0.8639065027236939,"z":-0.5031771659851074,"w":-0.021467385813593866},"size":18.50895881652832,"orthographic":false}