{"cameraMode":{"drawMode":0,"name":"Shaded","section":"Shading Mode"},"sceneLighting":true,"audioPlay":false,"sceneViewState":{"showFog":true,"showMaterialUpdate":true,"showSkybox":true,"showFlares":true,"showImageEffects":true,"showParticleSystems":true},"in2DMode":false,"pivot":{"x":-4.025130271911621,"y":-4.4470648765563969,"z":-7.251092910766602},"rotation":{"x":-0.11968379467725754,"y":0.879737377166748,"z":-0.34263876080513,"w":-0.30722761154174807},"size":9.601337432861329,"orthographic":false}