{"cameraMode":{"drawMode":0,"name":"Shaded","section":"Shading Mode"},"sceneLighting":false,"audioPlay":false,"sceneViewState":{"showFog":true,"showMaterialUpdate":true,"showSkybox":false,"showFlares":true,"showImageEffects":true,"showParticleSystems":true},"in2DMode":false,"pivot":{"x":-2.252932071685791,"y":-5.152377128601074,"z":1.2289738655090333},"rotation":{"x":-0.39492350816726687,"y":0.5786650776863098,"z":-0.3773140013217926,"w":-0.6056739687919617},"size":13.639005661010743,"orthographic":false}