{"cameraMode":{"drawMode":0,"name":"Shaded","section":"Shading Mode"},"sceneLighting":true,"audioPlay":false,"sceneViewState":{"showFog":true,"showMaterialUpdate":true,"showSkybox":false,"showFlares":true,"showImageEffects":true,"showParticleSystems":true},"in2DMode":false,"pivot":{"x":-0.0048743486404418949,"y":0.10243380069732666,"z":0.18004882335662843},"rotation":{"x":0.39225897192955019,"y":-0.5895706415176392,"z":0.3950713276863098,"w":0.5852784514427185},"size":8.201765060424805,"orthographic":false}