{"cameraMode":{"drawMode":0,"name":"Shaded","section":"Shading Mode"},"sceneLighting":false,"audioPlay":false,"sceneViewState":{"showFog":true,"showMaterialUpdate":true,"showSkybox":false,"showFlares":true,"showImageEffects":true,"showParticleSystems":true},"in2DMode":false,"pivot":{"x":-0.09304666519165039,"y":2.089306116104126,"z":0.07939577102661133},"rotation":{"x":0.018700849264860154,"y":0.949289083480835,"z":-0.30871039628982546,"w":0.05764824151992798},"size":12.9794340133667,"orthographic":false}