{"cameraMode":{"drawMode":0,"name":"Shaded","section":"Shading Mode"},"sceneLighting":true,"audioPlay":false,"sceneViewState":{"showFog":true,"showMaterialUpdate":true,"showSkybox":true,"showFlares":true,"showImageEffects":true,"showParticleSystems":true},"in2DMode":false,"pivot":{"x":0.3072820007801056,"y":-1.7540000677108765,"z":1.7487469911575318},"rotation":{"x":-0.47202441096305849,"y":0.5232903361320496,"z":-0.4509793817996979,"w":-0.5477180480957031},"size":13.22387409210205,"orthographic":false}