{"cameraMode":{"drawMode":0,"name":"Shaded","section":"Shading Mode"},"sceneLighting":true,"audioPlay":false,"sceneViewState":{"showFog":true,"showMaterialUpdate":true,"showSkybox":true,"showFlares":true,"showImageEffects":true,"showParticleSystems":true},"in2DMode":false,"pivot":{"x":-200.45803833007813,"y":367.0821838378906,"z":-15.883430480957032},"rotation":{"x":-0.09825069457292557,"y":-0.007164388429373503,"z":0.0007254423690028489,"w":-0.9951567649841309},"size":320.3111877441406,"orthographic":false}