{"cameraMode":{"drawMode":0,"name":"Shaded","section":"Shading Mode"},"sceneLighting":false,"audioPlay":false,"sceneViewState":{"showFog":true,"showMaterialUpdate":true,"showSkybox":false,"showFlares":true,"showImageEffects":true,"showParticleSystems":true},"in2DMode":false,"pivot":{"x":-0.14399662613868714,"y":-0.32414382696151736,"z":3.471403121948242},"rotation":{"x":0.046831030398607257,"y":0.9450585842132568,"z":-0.28336676955223086,"w":0.15620273351669312},"size":2.081430435180664,"orthographic":false}