{"cameraMode":{"drawMode":0,"name":"Shaded","section":"Shading Mode"},"sceneLighting":true,"audioPlay":false,"sceneViewState":{"showFog":true,"showMaterialUpdate":true,"showSkybox":true,"showFlares":true,"showImageEffects":true,"showParticleSystems":true},"in2DMode":false,"pivot":{"x":0.7432844638824463,"y":-0.9914169311523438,"z":-0.7286815643310547},"rotation":{"x":-0.06587497144937515,"y":-0.8943042159080505,"z":0.41984203457832339,"w":-0.14042890071868897},"size":11.384843826293946,"orthographic":false}