{"cameraMode":{"drawMode":0,"name":"Shaded","section":"Shading Mode"},"sceneLighting":true,"audioPlay":false,"sceneViewState":{"showFog":true,"showMaterialUpdate":true,"showSkybox":false,"showFlares":true,"showImageEffects":true,"showParticleSystems":true},"in2DMode":false,"pivot":{"x":0.05294093117117882,"y":0.14362715184688569,"z":-0.7292041778564453},"rotation":{"x":0.0052145677618682388,"y":0.9927014112472534,"z":-0.11156254261732102,"w":0.04651549831032753},"size":1.7151451110839844,"orthographic":false}