{"cameraMode":{"drawMode":0,"name":"Shaded","section":"Shading Mode"},"sceneLighting":true,"audioPlay":false,"sceneViewState":{"showFog":true,"showMaterialUpdate":true,"showSkybox":true,"showFlares":true,"showImageEffects":true,"showParticleSystems":true},"in2DMode":false,"pivot":{"x":-2.698094367980957,"y":-10.897239685058594,"z":-4.080595970153809},"rotation":{"x":-0.39882692694664,"y":0.5978820323944092,"z":-0.44925206899642947,"w":-0.5307483673095703},"size":23.782283782958986,"orthographic":false}