{"cameraMode":{"drawMode":0,"name":"Shaded","section":"Shading Mode"},"sceneLighting":true,"audioPlay":false,"sceneViewState":{"showFog":true,"showMaterialUpdate":true,"showSkybox":true,"showFlares":true,"showImageEffects":true,"showParticleSystems":true},"in2DMode":false,"pivot":{"x":-0.8768210411071777,"y":0.2959287166595459,"z":-4.0895609855651859},"rotation":{"x":-0.2301563173532486,"y":0.672662615776062,"z":-0.23333534598350526,"w":-0.6634353399276733},"size":3.7737295627593996,"orthographic":false}