{"cameraMode":{"drawMode":0,"name":"Shaded","section":"Shading Mode"},"sceneLighting":false,"audioPlay":false,"sceneViewState":{"showFog":true,"showMaterialUpdate":true,"showSkybox":false,"showFlares":true,"showImageEffects":true,"showParticleSystems":true},"in2DMode":false,"pivot":{"x":-0.7320921421051025,"y":0.1513887643814087,"z":3.743774175643921},"rotation":{"x":-0.07728801667690277,"y":0.7047501802444458,"z":-0.07769530266523361,"w":-0.7009549140930176},"size":2.081430435180664,"orthographic":false}