{"cameraMode":{"drawMode":0,"name":"Shaded","section":"Shading Mode"},"sceneLighting":false,"audioPlay":false,"sceneViewState":{"showFog":true,"showMaterialUpdate":true,"showSkybox":false,"showFlares":true,"showImageEffects":true,"showParticleSystems":true},"in2DMode":false,"pivot":{"x":1.216085433959961,"y":-0.3489973545074463,"z":4.97149658203125},"rotation":{"x":0.203462615609169,"y":0.5610650181770325,"z":-0.14465828239917756,"w":0.7892525792121887},"size":3.8959672451019289,"orthographic":false}