{"cameraMode":{"drawMode":0,"name":"Shaded","section":"Shading Mode"},"sceneLighting":false,"audioPlay":false,"sceneViewState":{"showFog":true,"showMaterialUpdate":true,"showSkybox":false,"showFlares":true,"showImageEffects":true,"showParticleSystems":true},"in2DMode":false,"pivot":{"x":-0.14455081522464753,"y":-1.9229052066802979,"z":4.279942512512207},"rotation":{"x":0.6849662661552429,"y":-0.017498541623353959,"z":0.016428889706730844,"w":0.7282052636146545},"size":5.095967769622803,"orthographic":false}