{"cameraMode":{"drawMode":0,"name":"Shaded","section":"Shading Mode"},"sceneLighting":false,"audioPlay":false,"sceneViewState":{"showFog":true,"showMaterialUpdate":true,"showSkybox":false,"showFlares":true,"showImageEffects":true,"showParticleSystems":true},"in2DMode":false,"pivot":{"x":-1.6100091934204102,"y":-3.619359254837036,"z":3.536771774291992},"rotation":{"x":-0.4864911139011383,"y":0.49877995252609255,"z":-0.4144463837146759,"w":-0.5854920744895935},"size":10.124425888061524,"orthographic":false}