{"cameraMode":{"drawMode":0,"name":"Shaded","section":"Shading Mode"},"sceneLighting":false,"audioPlay":false,"sceneViewState":{"showFog":true,"showMaterialUpdate":true,"showSkybox":false,"showFlares":true,"showImageEffects":true,"showParticleSystems":true},"in2DMode":false,"pivot":{"x":2.0505151748657228,"y":-0.5109132528305054,"z":-1.685131311416626},"rotation":{"x":-0.15845082700252534,"y":-0.6658812165260315,"z":0.1478138566017151,"w":-0.7139734625816345},"size":4.257314205169678,"orthographic":false}