{"cameraMode":{"drawMode":0,"name":"Shaded","section":"Shading Mode"},"sceneLighting":true,"audioPlay":false,"sceneViewState":{"showFog":true,"showMaterialUpdate":true,"showSkybox":true,"showFlares":true,"showImageEffects":true,"showParticleSystems":true},"in2DMode":false,"pivot":{"x":-27.770477294921876,"y":-14.74194622039795,"z":-5.033993244171143},"rotation":{"x":-0.15481920540332795,"y":0.7330147624015808,"z":-0.17770777642726899,"w":-0.6381754875183106},"size":45.023067474365237,"orthographic":false}