{"cameraMode":{"drawMode":0,"name":"Shaded","section":"Shading Mode"},"sceneLighting":false,"audioPlay":false,"sceneViewState":{"showFog":true,"showMaterialUpdate":true,"showSkybox":false,"showFlares":true,"showImageEffects":true,"showParticleSystems":true},"in2DMode":false,"pivot":{"x":-0.45181405544281008,"y":-0.8780078887939453,"z":3.924217700958252},"rotation":{"x":0.5631112456321716,"y":0.4296911060810089,"z":-0.5554075241088867,"w":0.43568694591522219},"size":2.190502643585205,"orthographic":false}