{"cameraMode":{"drawMode":0,"name":"Shaded","section":"Shading Mode"},"sceneLighting":true,"audioPlay":false,"sceneViewState":{"showFog":true,"showMaterialUpdate":true,"showSkybox":true,"showFlares":true,"showImageEffects":true,"showParticleSystems":true},"in2DMode":false,"pivot":{"x":4.144752025604248,"y":-0.2580052614212036,"z":-0.046073637902736667},"rotation":{"x":-0.4873467683792114,"y":0.5092344284057617,"z":-0.4583909809589386,"w":-0.5413846373558044},"size":13.892533302307129,"orthographic":false}