{"cameraMode":{"drawMode":0,"name":"Shaded","section":"Shading Mode"},"sceneLighting":false,"audioPlay":false,"sceneViewState":{"showFog":true,"showMaterialUpdate":true,"showSkybox":false,"showFlares":true,"showImageEffects":true,"showParticleSystems":true},"in2DMode":false,"pivot":{"x":-0.1367870569229126,"y":-4.187960147857666,"z":0.23001527786254884},"rotation":{"x":0.5252697467803955,"y":0.05730542540550232,"z":-0.03552783653140068,"w":0.8483177423477173},"size":4.972931385040283,"orthographic":false}