{"cameraMode":{"drawMode":0,"name":"Shaded","section":"Shading Mode"},"sceneLighting":true,"audioPlay":false,"sceneViewState":{"showFog":true,"showMaterialUpdate":true,"showSkybox":true,"showFlares":true,"showImageEffects":true,"showParticleSystems":true},"in2DMode":false,"pivot":{"x":3.654435873031616,"y":-3.1614773273468019,"z":-4.357376575469971},"rotation":{"x":0.012460848316550255,"y":-0.8169470429420471,"z":0.5763602256774902,"w":0.017625214532017709},"size":13.685482025146485,"orthographic":false}