{"cameraMode":{"drawMode":0,"name":"Shaded","section":"Shading Mode"},"sceneLighting":false,"audioPlay":false,"sceneViewState":{"showFog":true,"showMaterialUpdate":true,"showSkybox":false,"showFlares":true,"showImageEffects":true,"showParticleSystems":true},"in2DMode":false,"pivot":{"x":0.8686530590057373,"y":-4.100223541259766,"z":2.6936211585998537},"rotation":{"x":-0.4864911139011383,"y":0.49877995252609255,"z":-0.4144463837146759,"w":-0.5854920744895935},"size":10.601492881774903,"orthographic":false}