{"cameraMode":{"drawMode":0,"name":"Shaded","section":"Shading Mode"},"sceneLighting":true,"audioPlay":false,"sceneViewState":{"showFog":true,"showMaterialUpdate":true,"showSkybox":true,"showFlares":true,"showImageEffects":true,"showParticleSystems":true},"in2DMode":false,"pivot":{"x":-0.6420981287956238,"y":-0.4719870984554291,"z":-4.368638038635254},"rotation":{"x":-0.4027262330055237,"y":0.5841081738471985,"z":-0.41077566146850588,"w":-0.5726518034934998},"size":3.425774574279785,"orthographic":false}