{"cameraMode":{"drawMode":0,"name":"Shaded","section":"Shading Mode"},"sceneLighting":false,"audioPlay":false,"sceneViewState":{"showFog":true,"showMaterialUpdate":true,"showSkybox":false,"showFlares":true,"showImageEffects":true,"showParticleSystems":true},"in2DMode":false,"pivot":{"x":14.120292663574219,"y":-3.089599370956421,"z":4.9259209632873539},"rotation":{"x":-0.06741230934858322,"y":-0.7470977306365967,"z":0.07672615349292755,"w":-0.6568586826324463},"size":17.68901252746582,"orthographic":false}